school_name,address,postal_code,mainlevel_code,type_code,zone_code,X,Y,Longitude,Latitude,year_in_location
ADMIRALTY PRIMARY SCHOOL,11 WOODLANDS CIRCLE   ,738907,PRIMARY,GOVERNMENT SCHOOL,NORTH,24296.6250855923,47144.7700594738,103.800040119743,1.4426347903311,1997
ADMIRALTY SECONDARY SCHOOL,31 WOODLANDS CRESCENT   ,737916,SECONDARY (S1-S5),GOVERNMENT SCHOOL,NORTH,24559.0472937012,47504.7873554379,103.802398196596,1.44589068910993,2002
AHMAD IBRAHIM PRIMARY SCHOOL,10 YISHUN STREET 11   ,768643,PRIMARY,GOVERNMENT SCHOOL,NORTH,27958.1371433474,46096.2627680488,103.832942401086,1.43315271543517,1995
AHMAD IBRAHIM SECONDARY SCHOOL,751 YISHUN AVENUE 7   ,768928,SECONDARY (S1-S5),GOVERNMENT SCHOOL,NORTH,27599.3872889336,46417.7087551262,103.829718690077,1.43605975368804,1985
AI TONG SCHOOL,100 Bright Hill Drive   ,579646,PRIMARY,GOVERNMENT-AIDED SCH,SOUTH,27966.8088298785,38071.9191181567,103.833020333986,1.3605834338904,1912
ALEXANDRA PRIMARY SCHOOL,2A Prince Charles Crescent   ,159016,PRIMARY,GOVERNMENT SCHOOL,SOUTH,27010.1854815315,30414.7169698272,103.824424680531,1.29133439161334,2014
ANCHOR GREEN PRIMARY SCHOOL,31 Anchorvale Drive   ,544969,PRIMARY,GOVERNMENT SCHOOL,NORTH,33992.4459471293,41365.6329499111,103.887165375933,1.39036998654612,2008
ANDERSON PRIMARY SCHOOL,19 ANG MO KIO AVE 9   ,569785,PRIMARY,GOVERNMENT SCHOOL,NORTH,28900.6627847943,40683.2561488524,103.841411716006,1.38419941907925,2000
ANDERSON SECONDARY SCHOOL,10 ANG MO KIO STREET 53   ,569206,SECONDARY (S1-S5),GOVERNMENT SCHOOL,NORTH,30029.3897069497,39593.0597646087,103.851554107068,1.37434001701177,1960
ANDERSON SERANGOON JUNIOR COLLEGE,1033 Upper Serangoon Road   ,534768,JUNIOR COLLEGE,GOVERNMENT SCHOOL,NORTH,33978.4238496525,38565.1483832393,103.887038809373,1.36504342002442,1984
ANG MO KIO PRIMARY SCHOOL,20 ANG MO KIO AVENUE 3   ,569920,PRIMARY,GOVERNMENT SCHOOL,SOUTH,28702.4804675551,39038.1602696702,103.839630858752,1.36932176584608,1978
ANG MO KIO SECONDARY SCHOOL,6 ANG MO KIO STREET 22   ,569362,SECONDARY (S1-S5),GOVERNMENT SCHOOL,SOUTH,28983.3847605418,38818.7070966065,103.842154973672,1.36733710171069,1979
ANGLICAN HIGH SCHOOL,600 UPPER CHANGI ROAD   ,487012,SECONDARY (S1-S4),GOVERNMENT-AIDED SCH,EAST,39993.0203263573,34754.6941457652,103.941082513081,1.33058126205128,1960
ANGLO-CHINESE JUNIOR COLLEGE,25 DOVER CLOSE EAST   ,139745,JUNIOR COLLEGE,GOVERNMENT-AIDED SCH,WEST,22662.4720813679,31709.3940755054,103.785358436408,1.30304255193392,1977
ANGLO-CHINESE SCHOOL (BARKER ROAD),60 BARKER ROAD   ,309919,SECONDARY (S1-S5),GOVERNMENT-AIDED SCH,SOUTH,28273.1184036592,33542.0043816008,103.835772689988,1.31961649151328,1950
ANGLO-CHINESE SCHOOL (INDEPENDENT),121 DOVER ROAD   ,139650,MIXED LEVEL (S1-JC2),INDEPENDENT SCHOOL,SOUTH,22106.5732889464,31782.5550005548,103.780363417671,1.30370409257783,1988
ANGLO-CHINESE SCHOOL (JUNIOR),16 WINSTEDT ROAD   ,227988,PRIMARY,GOVERNMENT-AIDED SCH,SOUTH,28849.3350947062,32406.8353125956,103.840950265464,1.30935041274966,2009
ANGLO-CHINESE SCHOOL (PRIMARY),50 BARKER ROAD   ,309918,PRIMARY,GOVERNMENT-AIDED SCH,SOUTH,28254.9829477305,33404.2340238672,103.835609732354,1.31837054523521,1994
ANGSANA PRIMARY SCHOOL,51 Tampines Street 61   ,528565,PRIMARY,GOVERNMENT SCHOOL,EAST,39754.5222957945,38406.3864220977,103.9389409004,1.36360590588314,2015
ASSUMPTION ENGLISH SCHOOL,622 UPPER BUKIT TIMAH ROAD   ,678117,SECONDARY (S1-S5),GOVERNMENT-AIDED SCH,WEST,20584.7646280937,38934.3043401875,103.766687526556,1.36838160662857,2017
ASSUMPTION PATHWAY SCHOOL,30 Cashew Road   ,679697,SECONDARY (S1-S4),SPECIALISED SCHOOL,WEST,20503.7068768945,39076.8485643137,103.765959130581,1.3696707043227,2009
BARTLEY SECONDARY SCHOOL,10 JALAN BUNGA RAMPAI   ,538403,SECONDARY (S1-S5),GOVERNMENT SCHOOL,SOUTH,33507.4424001053,35790.8945052791,103.882806211705,1.33995415587811,1952
BEACON PRIMARY SCHOOL,36 Bukit Panjang Ring Road   ,679944,PRIMARY,GOVERNMENT SCHOOL,WEST,21357.64699852,40655.688190354,103.773632022975,1.38394936211823,2007
BEATTY SECONDARY SCHOOL,1 TOA PAYOH NORTH   ,318990,SECONDARY (S1-S5),GOVERNMENT SCHOOL,SOUTH,30110.2946048304,35993.876840448,103.852280842345,1.341790284928,1982
BEDOK GREEN PRIMARY SCHOOL,1 BEDOK SOUTH AVE 2   ,469317,PRIMARY,GOVERNMENT SCHOOL,EAST,39636.5324891713,33965.6893824711,103.937878976352,1.32344593287992,2002
BEDOK GREEN SECONDARY SCHOOL,360 BEDOK NORTH AVE 3   ,469722,SECONDARY (S1-S5),GOVERNMENT SCHOOL,EAST,39319.2390878517,35190.1334154308,103.935028383346,1.33451947288431,2002
BEDOK SOUTH SECONDARY SCHOOL,1 JALAN LANGGAR BEDOK   ,468585,SECONDARY (S1-S5),GOVERNMENT SCHOOL,EAST,41095.5563319344,34152.6950651146,103.950989139261,1.32513655159184,2004
BEDOK VIEW SECONDARY SCHOOL,6 BEDOK SOUTH AVENUE 3   ,469293,SECONDARY (S1-S5),GOVERNMENT SCHOOL,EAST,40292.8371452186,34044.3485775683,103.943776245024,1.32415704029686,1979
BENDEMEER PRIMARY SCHOOL,91 BENDEMEER ROAD   ,339948,PRIMARY,GOVERNMENT SCHOOL,SOUTH,31570.8074810533,33784.8514976725,103.865404167629,1.32181250780475,1978
BENDEMEER SECONDARY SCHOOL,1 ST WILFRED ROAD   ,327919,SECONDARY (S1-S5),GOVERNMENT SCHOOL,SOUTH,31027.0613143621,34065.2544317767,103.860518349544,1.32434843114787,1999
BLANGAH RISE PRIMARY SCHOOL,91 TELOK BLANGAH HEIGHTS   ,109100,PRIMARY,GOVERNMENT SCHOOL,SOUTH,25252.1938973861,28732.4526119996,103.808628535239,1.27612047924037,2001
BOON LAY GARDEN PRIMARY SCHOOL,20 BOON LAY DRIVE   ,649930,PRIMARY,GOVERNMENT SCHOOL,WEST,14594.0803428125,36110.2863859087,103.712858381937,1.34284013791617,2004
BOON LAY SECONDARY SCHOOL,11 JURONG WEST STREET 65   ,648354,SECONDARY (S1-S5),GOVERNMENT SCHOOL,WEST,13373.5768683841,36097.304205548,103.701891453912,1.34272216334333,1999
BOWEN SECONDARY SCHOOL,2 LORONG NAPIRI   ,547529,SECONDARY (S1-S5),GOVERNMENT SCHOOL,NORTH,32934.6156324307,39153.0014795549,103.877659577677,1.37035994436209,1999
BROADRICK SECONDARY SCHOOL,61 DAKOTA CRESCENT   ,399935,SECONDARY (S1-S5),GOVERNMENT SCHOOL,EAST,33965.1104164785,32152.5974159427,103.886917922608,1.30705061123433,2005
BUKIT BATOK SECONDARY SCHOOL,50 BUKIT BATOK WEST AVE 8   ,658962,SECONDARY (S1-S5),GOVERNMENT SCHOOL,WEST,17711.9101901269,36735.00712738,103.74087370482,1.34849111079052,1988
BUKIT MERAH SECONDARY SCHOOL,10 LENGKOK BAHRU   ,159050,SECONDARY (S1-S5),GOVERNMENT SCHOOL,SOUTH,25787.5608570725,29790.9091712814,103.813438929393,1.28569283064288,2004
BUKIT PANJANG GOVT. HIGH SCHOOL,7 CHOA CHU KANG AVE 4   ,689809,SECONDARY (S1-S5),GOVERNMENT SCHOOL,WEST,17432.4458359294,40467.0724023171,103.738361221869,1.38224243360043,1995
BUKIT PANJANG PRIMARY SCHOOL,109 CASHEW ROAD   ,679676,PRIMARY,GOVERNMENT SCHOOL,WEST,20888.5750349946,39500.3618246447,103.769417337654,1.37350089986584,1990
BUKIT TIMAH PRIMARY SCHOOL,111 Lorong Kismis   ,598112,PRIMARY,GOVERNMENT SCHOOL,WEST,20603.3479896449,35547.1996132508,103.766855344779,1.3377498622588,2003
BUKIT VIEW PRIMARY SCHOOL,18 BUKIT BATOK STREET 21   ,659634,PRIMARY,GOVERNMENT SCHOOL,WEST,19135.5884738322,36444.0823157039,103.75366641455,1.34586054788695,1986
BUKIT VIEW SECONDARY SCHOOL,16 BUKIT BATOK STREET 21   ,659633,SECONDARY (S1-S5),GOVERNMENT SCHOOL,WEST,18975.3516749162,36429.990117576,103.752226593984,1.3457330554294,1986
CANBERRA PRIMARY SCHOOL,21 ADMIRALTY DRIVE   ,757714,PRIMARY,GOVERNMENT SCHOOL,NORTH,26057.0121687725,48097.4040875677,103.815858858929,1.45125024371543,2000
CANBERRA SECONDARY SCHOOL,51 SEMBAWANG DRIVE   ,757699,SECONDARY (S1-S5),GOVERNMENT SCHOOL,NORTH,25872.8083025776,48311.9895634912,103.814203583818,1.45319086315972,2000
CANOSSA CATHOLIC PRIMARY SCHOOL,1 Sallim Road   ,387621,PRIMARY,GOVERNMENT-AIDED SCH,EAST,33443.1189393327,34319.1509661097,103.882227964852,1.32664424544839,2014
CANTONMENT PRIMARY SCHOOL,1 CANTONMENT CLOSE   ,88256,PRIMARY,GOVERNMENT SCHOOL,SOUTH,28739.4305021614,28660.7930697445,103.839962631748,1.27547252623201,2011
CASUARINA PRIMARY SCHOOL,30 PASIR RIS ST 41   ,518935,PRIMARY,GOVERNMENT SCHOOL,EAST,41766.4977676729,39385.5958609674,103.957020286115,1.37246063927999,2001
CATHOLIC HIGH SCHOOL,9 BISHAN STREET 22   ,579767,MIXED LEVEL (P1-S4),GOVERNMENT-AIDED SCH,NORTH,29286.0617525242,37423.9135497604,103.844874676599,1.3547230747166,1992
CATHOLIC JUNIOR COLLEGE,129 WHITLEY ROAD   ,297822,JUNIOR COLLEGE,GOVERNMENT-AIDED SCH,SOUTH,28190.3351049758,34088.1962013766,103.835028842353,1.32455605783219,1975
CEDAR GIRLS' SECONDARY SCHOOL,1 CEDAR AVENUE   ,349692,SECONDARY (S1-S4),GOVERNMENT SCHOOL,SOUTH,32519.9675315833,35105.7372267004,103.873933064886,1.33375800216334,2010
CEDAR PRIMARY SCHOOL,15 CEDAR AVENUE   ,349700,PRIMARY,GOVERNMENT SCHOOL,SOUTH,32707.7091499828,35316.1469013225,103.87562006259,1.33566084356265,2006
CHANGKAT CHANGI SECONDARY SCHOOL,23 SIMEI ST 3   ,529894,SECONDARY (S1-S5),GOVERNMENT SCHOOL,EAST,41346.5926023414,35741.6438345015,103.953245525564,1.33950630072876,2001
CHANGKAT PRIMARY SCHOOL,11 SIMEI ST 3   ,529896,PRIMARY,GOVERNMENT SCHOOL,EAST,41216.8906296864,35821.8419446945,103.952080114035,1.34023163951633,2004
CHIJ (KATONG) PRIMARY,17 MARTIA ROAD   ,424821,PRIMARY,GOVERNMENT-AIDED SCH,EAST,36656.9804726057,32090.1643723603,103.911105620496,1.30648535277087,2009
VALOUR PRIMARY SCHOOL,49 Punggol Central   ,828728,PRIMARY,GOVERNMENT SCHOOL,EAST,35282.966108459,43253.3683976009,103.898762173662,1.40744168163777,2020
CHIJ (KELLOCK),1 Bukit Teresa Road   ,99757,PRIMARY,GOVERNMENT-AIDED SCH,SOUTH,27425.6197932558,28611.0557805933,103.828157564896,1.275022722964,2002
CHIJ KATONG CONVENT,346 MARINE TERRACE   ,449150,SECONDARY (S1-S5),GOVERNMENT-AIDED SCH,EAST,37329.0360122882,32085.467477452,103.917144350028,1.30644268034894,1988
CHIJ OUR LADY OF GOOD COUNSEL,2C Burghley Drive   ,558979,PRIMARY,GOVERNMENT-AIDED SCH,SOUTH,31415.5340866428,37723.1973494291,103.864009397373,1.35742952269615,2008
CHIJ OUR LADY OF THE NATIVITY,1257 UPPER SERANGOON ROAD   ,534793,PRIMARY,GOVERNMENT-AIDED SCH,SOUTH,35151.0338091562,39478.4768616967,103.897575728303,1.37330297140128,2004
CHIJ OUR LADY QUEEN OF PEACE,4 Chestnut Drive   ,679287,PRIMARY,GOVERNMENT-AIDED SCH,WEST,20665.4072236279,38737.7066427004,103.767412204602,1.366603668561,2007
CHIJ PRIMARY (TOA PAYOH),628 Lorong 1 Toa Payoh   ,319765,PRIMARY,GOVERNMENT-AIDED SCH,SOUTH,28949.1537291808,34994.5345916729,103.841847263786,1.33275264711587,1985
CHIJ SECONDARY (TOA PAYOH),626 LORONG 1 TOA PAYOH   ,319764,SECONDARY (S1-S5),GOVERNMENT-AIDED SCH,SOUTH,29107.6704288498,34962.2641689572,103.843271625083,1.33246079948303,1985
CHIJ ST. JOSEPH'S CONVENT,62 SENGKANG EAST WAY   ,548595,SECONDARY (S1-S5),GOVERNMENT-AIDED SCH,NORTH,35695.0897989292,41518.518049065,103.902464991543,1.39175222260369,2003
CHIJ ST. NICHOLAS GIRLS' SCHOOL,501 ANG MO KIO STREET 13   ,569405,MIXED LEVEL (P1-S4),GOVERNMENT-AIDED SCH,NORTH,28104.0195931299,39497.6106162649,103.834253269436,1.37347687878916,1986
CHIJ ST. THERESA'S CONVENT,160 LOWER DELTA ROAD   ,99138,SECONDARY (S1-S5),GOVERNMENT-AIDED SCH,SOUTH,26789.3781491434,28647.4426490944,103.822440701642,1.27535177510054,1953
CHONGFU SCHOOL,170 YISHUN AVENUE 6   ,768959,PRIMARY,GOVERNMENT-AIDED SCH,NORTH,28666.6613053558,46675.9986570273,103.839309173817,1.43839562897006,1985
CHONGZHENG PRIMARY SCHOOL,1 TAMPINES STREET 21   ,529392,PRIMARY,GOVERNMENT SCHOOL,EAST,41131.9416870372,36969.5707135443,103.951317297552,1.35061130568554,1988
CHRIST CHURCH SECONDARY SCHOOL,20 WOODLANDS DRIVE 17   ,737924,SECONDARY (S1-S5),GOVERNMENT-AIDED SCH,NORTH,23563.3391703926,45368.1754093207,103.793451105242,1.42656780901455,2001
CHUA CHU KANG PRIMARY SCHOOL,20 CHOA CHU KANG AVENUE 2   ,689905,PRIMARY,GOVERNMENT SCHOOL,WEST,17818.7829598142,39971.2903354876,103.741832917421,1.37775890093367,1997
CHUA CHU KANG SECONDARY SCHOOL,31 TECK WHYE CRESCENT   ,688848,SECONDARY (S1-S5),GOVERNMENT SCHOOL,WEST,19295.6301955935,40587.7294842005,103.75510327583,1.38333422637073,1995
CHUNG CHENG HIGH SCHOOL (MAIN),50 GOODMAN ROAD   ,439012,SECONDARY (S1-S4),GOVERNMENT-AIDED SCH,EAST,34492.1113962689,31935.9858617261,103.891653229373,1.30509154753048,1987
CHUNG CHENG HIGH SCHOOL (YISHUN),11 YISHUN STREET 61   ,768547,SECONDARY (S1-S5),GOVERNMENT-AIDED SCH,NORTH,28453.17758404,44556.321072707,103.837390782849,1.41922603586175,2006
CLEMENTI PRIMARY SCHOOL,8 CLEMENTI AVE 3   ,129903,PRIMARY,GOVERNMENT SCHOOL,WEST,20190.2983410172,33038.6364921555,103.763144493687,1.31506321827875,2002
CLEMENTI TOWN SECONDARY SCHOOL,10 CLEMENTI AVE 3   ,129904,SECONDARY (S1-S5),GOVERNMENT SCHOOL,WEST,20065.2210438633,33091.2638894655,103.762020598524,1.31553912945073,1980
COMMONWEALTH SECONDARY SCHOOL,698 WEST COAST ROAD   ,608784,SECONDARY (S1-S5),GOVERNMENT SCHOOL,WEST,18241.9409345519,33496.5605151355,103.745637393049,1.31920395934801,2006
COMPASSVALE PRIMARY SCHOOL,21 COMPASSVALE ST   ,545091,PRIMARY,GOVERNMENT SCHOOL,NORTH,35177.2900137762,41816.2900234833,103.897812229905,1.39444529636566,2000
COMPASSVALE SECONDARY SCHOOL,51 COMPASSVALE CRESCENT   ,545083,SECONDARY (S1-S5),GOVERNMENT SCHOOL,NORTH,35403.746108626,42003.7810229771,103.899847164494,1.39614083952009,2000
CONCORD PRIMARY SCHOOL,3 CHOA CHU KANG AVE 4   ,689814,PRIMARY,GOVERNMENT SCHOOL,WEST,17231.3486815896,40248.4434567168,103.736554295636,1.38026516111464,2000
CORPORATION PRIMARY SCHOOL,31 JURONG WEST STREET 24   ,648347,PRIMARY,GOVERNMENT SCHOOL,WEST,14006.5242964895,37066.276891252,103.707578404944,1.35148548772662,2003
CRESCENT GIRLS' SCHOOL,357 TANGLIN ROAD   ,247961,SECONDARY (S1-S4),GOVERNMENT SCHOOL,SOUTH,26244.4775918219,30634.2205088157,103.817544461755,1.29331947077104,1994
CREST SECONDARY SCHOOL,561 JURONG EAST STREET 24   ,609561,SECONDARY (S1-S4),SPECIALISED SCHOOL,WEST,17907.1336000822,36141.0674422178,103.742628105304,1.3431198045076,2015
DAMAI PRIMARY SCHOOL,52 BEDOK RESERVOIR CRESCENT   ,479226,PRIMARY,GOVERNMENT SCHOOL,EAST,37789.8996013105,35270.4133399837,103.921286435321,1.33524602829747,2018
DAMAI SECONDARY SCHOOL,4800 BEDOK RESERVOIR ROAD   ,479229,SECONDARY (S1-S5),GOVERNMENT SCHOOL,EAST,38435.9529452929,35456.4196343422,103.927091653438,1.33692798510393,1994
DAZHONG PRIMARY SCHOOL,35 BUKIT BATOK STREET 31   ,659441,PRIMARY,GOVERNMENT SCHOOL,WEST,18557.5702323942,37916.8722190689,103.74847210784,1.3591797447277,1986
DE LA SALLE SCHOOL,11 Choa Chu Kang St 52   ,689285,PRIMARY,GOVERNMENT-AIDED SCH,WEST,17971.195454672,41845.4133931287,103.743201812831,1.3947078296399,2012
DEYI SECONDARY SCHOOL,1 ANG MO KIO STREET 42   ,569277,SECONDARY (S1-S5),GOVERNMENT SCHOOL,SOUTH,30139.7572483057,38670.5350554623,103.852545772422,1.36599702567717,2002
DUNEARN SECONDARY SCHOOL,21 BUKIT BATOK WEST AVENUE 2   ,659204,SECONDARY (S1-S5),GOVERNMENT SCHOOL,WEST,18140.1430463539,38403.3358936273,103.74472109107,1.36357900792871,1993
DUNMAN HIGH SCHOOL,10 TANJONG RHU ROAD   ,436895,MIXED LEVEL (S1-JC2),GOVERNMENT SCHOOL,EAST,33522.593402571,31368.7836118564,103.88294155989,1.29996216014962,2009
DUNMAN SECONDARY SCHOOL,21 TAMPINES STREET 45   ,529093,SECONDARY (S1-S5),GOVERNMENT SCHOOL,EAST,41676.8242046405,38079.9135282841,103.956213906966,1.36065258337022,1990
EAST SPRING PRIMARY SCHOOL,31 TAMPINES ST 33   ,529258,PRIMARY,GOVERNMENT SCHOOL,EAST,42284.8340225685,37198.8184850682,103.961676849165,1.35268400746357,2000
EAST SPRING SECONDARY SCHOOL,30 TAMPINES STREET 34   ,529231,SECONDARY (S1-S5),GOVERNMENT SCHOOL,EAST,42169.5015330398,37590.3682097681,103.960640700298,1.35622508992581,2000
EDGEFIELD PRIMARY SCHOOL,41 EDGEFIELD PLAINS   ,828869,PRIMARY,GOVERNMENT SCHOOL,EAST,36294.0746121518,42440.6405269764,103.907847599114,1.40009139510996,2002
EDGEFIELD SECONDARY SCHOOL,36 PUNGGOL FIELD   ,828814,SECONDARY (S1-S5),GOVERNMENT SCHOOL,EAST,35719.8105087345,42496.0989190713,103.902687385465,1.40059309981824,2013
ELIAS PARK PRIMARY SCHOOL,11 PASIR RIS STREET 52   ,518866,PRIMARY,GOVERNMENT SCHOOL,EAST,40460.9792755861,39672.6204007976,103.945289416873,1.37505696315817,1997
ENDEAVOUR PRIMARY SCHOOL,10 Admiralty Link   ,757521,PRIMARY,GOVERNMENT SCHOOL,NORTH,26203.4465249702,48388.3767226581,103.817174701639,1.45388170417263,2008
EUNOIA JUNIOR COLLEGE,2 Sin Ming Place   ,573838,JUNIOR COLLEGE,GOVERNMENT SCHOOL,NORTH,28886.6991347941,38243.7692278698,103.841286169122,1.36213757183547,2020
EVERGREEN PRIMARY SCHOOL,31 WOODLANDS CIRCLE   ,738908,PRIMARY,GOVERNMENT SCHOOL,NORTH,23685.1394134862,47312.1421118006,103.794545295922,1.44414835451585,2002
EVERGREEN SECONDARY SCHOOL,11 WOODLANDS STREET 83   ,738489,SECONDARY (S1-S5),GOVERNMENT SCHOOL,NORTH,23639.7815383626,47018.3404796105,103.794137756171,1.44149131273737,2000
FAIRFIELD METHODIST SCHOOL (PRIMARY),100 DOVER ROAD   ,139648,PRIMARY,GOVERNMENT-AIDED SCH,SOUTH,22673.2819890725,31484.0275675338,103.785455606827,1.30100441916733,1983
FAIRFIELD METHODIST SCHOOL (SECONDARY),102 DOVER ROAD   ,139649,SECONDARY (S1-S5),GOVERNMENT-AIDED SCH,SOUTH,22522.3772030193,31553.6179904211,103.784099647149,1.30163374395823,1983
FARRER PARK PRIMARY SCHOOL,2 FARRER PARK ROAD   ,217567,PRIMARY,GOVERNMENT SCHOOL,SOUTH,29941.7768185176,32740.5849021059,103.850766402965,1.31236867681371,2002
FENGSHAN PRIMARY SCHOOL,307 BEDOK NORTH ROAD   ,469680,PRIMARY,GOVERNMENT SCHOOL,EAST,38949.9907227494,34668.9245775398,103.931710293058,1.32980598760785,2002
FERN GREEN PRIMARY SCHOOL,70 Fernvale Link,797538,PRIMARY,GOVERNMENT SCHOOL,NORTH,33231.7764054528,42128.5479522273,103.880330305684,1.39726966050479,2018
FERNVALE PRIMARY SCHOOL,1 Fernvale Lane   ,797701,PRIMARY,GOVERNMENT SCHOOL,NORTH,32576.8849010281,41358.1178030372,103.874445458032,1.39030227963797,2007
FIRST TOA PAYOH PRIMARY SCHOOL,7 LORONG 8 TOA PAYOH   ,319252,PRIMARY,GOVERNMENT SCHOOL,SOUTH,30471.8817195026,35831.634454662,103.855529906182,1.34032299499938,2002
FRONTIER PRIMARY SCHOOL,20 Jurong West Street 61   ,648200,PRIMARY,GOVERNMENT SCHOOL,WEST,13129.8467444237,35399.679120725,103.69970173931,1.33641298743234,2014
FUCHUN PRIMARY SCHOOL,23 WOODLANDS AVENUE 1   ,739063,PRIMARY,GOVERNMENT SCHOOL,NORTH,21865.3411816815,45800.7908879817,103.778192944298,1.43047990810126,2007
FUHUA PRIMARY SCHOOL,65 JURONG EAST STREET 13   ,609647,PRIMARY,GOVERNMENT SCHOOL,WEST,17179.4264072292,35419.8652930856,103.736089481883,1.33659726465816,1986
FUHUA SECONDARY SCHOOL,5 JURONG WEST STREET 41   ,649410,SECONDARY (S1-S5),GOVERNMENT SCHOOL,WEST,16114.5930194063,36571.750703603,103.72652089832,1.34701408913756,2002
GAN ENG SENG PRIMARY SCHOOL,100 REDHILL CLOSE   ,158901,PRIMARY,GOVERNMENT SCHOOL,SOUTH,26022.2170935348,29780.10807156,103.815547410064,1.28559516494962,2007
GAN ENG SENG SCHOOL,1 HENDERSON ROAD   ,159561,SECONDARY (S1-S5),GOVERNMENT SCHOOL,SOUTH,26933.2813452026,30164.4591011573,103.823733673089,1.28907114485773,2007
GEYLANG METHODIST SCHOOL (PRIMARY),4 Geylang East Central   ,389706,PRIMARY,GOVERNMENT-AIDED SCH,EAST,33599.0035654055,33379.2588208541,103.883628501601,1.31814416827374,1984
GEYLANG METHODIST SCHOOL (SECONDARY),2 GEYLANG EAST CENTRAL   ,389705,SECONDARY (S1-S5),GOVERNMENT-AIDED SCH,EAST,33491.3455231488,33324.5040080417,103.882661129303,1.31764900474601,1984
GONGSHANG PRIMARY SCHOOL,1 TAMPINES STREET 42   ,529176,PRIMARY,GOVERNMENT SCHOOL,EAST,40890.1319455709,37688.8239677399,103.949144797277,1.35711606790292,1987
GREENDALE PRIMARY SCHOOL,50 Edgedale Plains   ,828848,PRIMARY,GOVERNMENT SCHOOL,EAST,36793.4333255449,42041.5424514245,103.91233462071,1.39648195114256,2010
GREENDALE SECONDARY SCHOOL,51 EDGEDALE PLAINS   ,828866,SECONDARY (S1-S5),GOVERNMENT SCHOOL,EAST,36722.8223570501,42094.4224047884,103.91170014084,1.39696019936894,2007
GREENRIDGE PRIMARY SCHOOL,11 JELAPANG ROAD   ,677744,PRIMARY,GOVERNMENT SCHOOL,WEST,20708.0073222192,40870.2050487585,103.767794469258,1.3858892193692,1997
GREENRIDGE SECONDARY SCHOOL,31 Gangsa Road   ,678972,SECONDARY (S1-S5),GOVERNMENT SCHOOL,WEST,20285.5773530258,39732.4925308134,103.763998914082,1.375600053443,2023
GREENWOOD PRIMARY SCHOOL,11 WOODLANDS  DR  62   ,737942,PRIMARY,GOVERNMENT SCHOOL,NORTH,24818.0410170276,46842.3174743224,103.804725587384,1.43989958331782,2001
GUANGYANG SECONDARY SCHOOL,8 BISHAN STREET 12   ,579807,SECONDARY (S1-S5),GOVERNMENT SCHOOL,SOUTH,29879.7115914728,36283.3906797953,103.850208933626,1.34440856042912,2005
HAI SING CATHOLIC SCHOOL,15 PASIR RIS STREET 21   ,518969,SECONDARY (S1-S5),GOVERNMENT-AIDED SCH,EAST,42405.6054871632,39039.5202101786,103.962762942764,1.36933055696636,1992
HAIG GIRLS' SCHOOL,51 Koon Seng Road   ,427072,PRIMARY,GOVERNMENT SCHOOL,EAST,35744.037941209,32693.6655622385,103.902902557195,1.31194344271383,1999
HENRY PARK PRIMARY SCHOOL,1 HOLLAND GROVE ROAD   ,278790,PRIMARY,GOVERNMENT SCHOOL,WEST,22544.2873791968,33216.9645254761,103.784296227747,1.31667646178347,1978
HILLGROVE SECONDARY SCHOOL,10 BUKIT BATOK STREET 52   ,659250,SECONDARY (S1-S5),GOVERNMENT SCHOOL,WEST,19059.9452109011,37204.3120635767,103.752986488399,1.35273576615912,2002
HOLY INNOCENTS' HIGH SCHOOL,1191 UPPER SERANGOON ROAD   ,534786,SECONDARY (S1-S5),GOVERNMENT-AIDED SCH,SOUTH,35020.0627604807,39284.0954767819,103.896398814264,1.37154508822261,2006
HOLY INNOCENTS' PRIMARY SCHOOL,5 Lorong Low Koon   ,536451,PRIMARY,GOVERNMENT-AIDED SCH,SOUTH,34765.9036816582,38774.6943912152,103.894114899795,1.36693830877349,1985
HONG WEN SCHOOL,30 TOWNER ROAD   ,327829,PRIMARY,GOVERNMENT-AIDED SCH,SOUTH,30705.4493981982,33779.0355954058,103.857628468881,1.32175999964553,2010
HORIZON PRIMARY SCHOOL,61 Edgedale Plains   ,828819,PRIMARY,GOVERNMENT SCHOOL,EAST,36912.5247354358,42380.7999361996,103.913404855665,1.399550034492,2012
HOUGANG PRIMARY SCHOOL,1 HOUGANG ST 93   ,534238,PRIMARY,GOVERNMENT SCHOOL,NORTH,33284.6782123018,39929.5216681417,103.880805274557,1.37738245231461,2002
HOUGANG SECONDARY SCHOOL,2 HOUGANG STREET 93   ,534256,SECONDARY (S1-S5),GOVERNMENT SCHOOL,NORTH,33477.0592164416,39958.0252705514,103.882533963338,1.37764019332164,2001
HUA YI SECONDARY SCHOOL,60 JURONG WEST ST 42   ,649371,SECONDARY (S1-S5),GOVERNMENT SCHOOL,WEST,15592.8322145641,37161.0913502462,103.721832320169,1.35234365488339,2000
HUAMIN PRIMARY SCHOOL,21 YISHUN AVENUE 11   ,768857,PRIMARY,GOVERNMENT SCHOOL,NORTH,29215.4177919272,45412.9266837817,103.844240226564,1.42697284512936,1991
HWA CHONG INSTITUTION,661 BUKIT TIMAH ROAD   ,269734,MIXED LEVEL (S1-JC2),INDEPENDENT SCHOOL,WEST,24658.1639833655,34287.4728272986,103.803290365022,1.3263580622144,2005
INNOVA PRIMARY SCHOOL,80 Woodlands Drive 17   ,737888,PRIMARY,GOVERNMENT SCHOOL,NORTH,23246.8971469188,45633.4723797198,103.790607539185,1.42896700684852,2008
JIEMIN PRIMARY SCHOOL,2 YISHUN STREET 71   ,768515,PRIMARY,GOVERNMENT SCHOOL,NORTH,27678.0421859771,45492.0549418237,103.830425490093,1.42768847665227,1987
JING SHAN PRIMARY SCHOOL,5 ANG MO KIO ST 52   ,569228,PRIMARY,GOVERNMENT SCHOOL,SOUTH,30052.6981126349,39330.3826092724,103.851763531681,1.37196445720109,2003
JUNYUAN PRIMARY SCHOOL,2 Tampines Street 91   ,528906,PRIMARY,GOVERNMENT SCHOOL,EAST,39785.8491141181,36666.4713015798,103.939221709073,1.34787074766746,2009
JUNYUAN SECONDARY SCHOOL,11 TAMPINES STREET 84   ,528933,SECONDARY (S1-S5),GOVERNMENT SCHOOL,EAST,39192.0351621611,37301.4129357934,103.933886165824,1.35361315263537,1999
JURONG PIONEER JUNIOR COLLEGE,21 Teck Whye Walk   ,688258,JUNIOR COLLEGE,GOVERNMENT SCHOOL,WEST,19214.5432963269,40702.7122574467,103.75437461519,1.38437406410733,2004
JURONG PRIMARY SCHOOL,320 JURONG EAST Street 32   ,609476,PRIMARY,GOVERNMENT SCHOOL,WEST,16853.0771883978,36729.2343872562,103.733156566858,1.34843859698946,2006
JURONG SECONDARY SCHOOL,31 YUAN CHING ROAD   ,618652,SECONDARY (S1-S5),GOVERNMENT SCHOOL,WEST,15828.7257759329,34692.6761670429,103.723952961648,1.33002032220942,1974
JURONG WEST PRIMARY SCHOOL,30 JURONG WEST ST 61   ,648368,PRIMARY,GOVERNMENT SCHOOL,WEST,13029.9245329089,35705.1165225543,103.698803732244,1.33917519796104,2002
JURONG WEST SECONDARY SCHOOL,61 JURONG WEST STREET 65   ,648348,SECONDARY (S1-S5),GOVERNMENT SCHOOL,WEST,13396.6197330486,35271.7690127064,103.702098904443,1.33525634688323,2002
JURONGVILLE SECONDARY SCHOOL,202 JURONG EAST AVENUE 1   ,609790,SECONDARY (S1-S5),GOVERNMENT SCHOOL,WEST,16380.2394942129,37044.3966198433,103.728907710089,1.35128862770284,1996
JUYING SECONDARY SCHOOL,33 JURONG WEST STREET 91   ,649038,SECONDARY (S1-S5),GOVERNMENT SCHOOL,WEST,11750.8178531462,35655.1627567839,103.687310264575,1.3387227734133,1997
MEE TOH SCHOOL,21 EDGEDALE PLAINS   ,828867,PRIMARY,GOVERNMENT-AIDED SCH,NORTH,36374.7735061357,41861.4694083072,103.90857257736,1.39485356081865,2005
KEMING PRIMARY SCHOOL,90 BUKIT BATOK EAST AVENUE 6   ,659762,PRIMARY,GOVERNMENT SCHOOL,WEST,19445.3031655131,36407.3561431039,103.756449399351,1.34552849960874,1989
KENT RIDGE SECONDARY SCHOOL,147 WEST COAST ROAD   ,127368,SECONDARY (S1-S5),GOVERNMENT SCHOOL,WEST,20384.4722389057,31508.7733694967,103.764889617566,1.30122773426098,2001
KHENG CHENG SCHOOL,15 LORONG 3 TOA PAYOH   ,319580,PRIMARY,GOVERNMENT-AIDED SCH,SOUTH,29539.1234353296,35501.5835219584,103.847148501824,1.3373381935639,2005
KONG HWA SCHOOL,350 GUILLEMARD ROAD   ,399772,PRIMARY,GOVERNMENT-AIDED SCH,EAST,34124.7036575247,32588.943696009,103.888352029067,1.31099674009193,1998
KRANJI PRIMARY SCHOOL,11 CHOA CHU KANG STREET 54   ,689189,PRIMARY,GOVERNMENT SCHOOL,WEST,18434.245239621,41718.5305804759,103.747362720939,1.39356050497104,1997
KRANJI SECONDARY SCHOOL,61 CHOA CHU KANG STREET 51   ,689333,SECONDARY (S1-S5),GOVERNMENT SCHOOL,WEST,17747.3609606959,41330.5036858637,103.741190664845,1.39005109871311,2019
KUO CHUAN PRESBYTERIAN PRIMARY SCHOOL,8 BISHAN STREET 13   ,579793,PRIMARY,GOVERNMENT-AIDED SCH,SOUTH,30414.9291181238,36835.1167885177,103.855018233311,1.34939813669536,1987
KUO CHUAN PRESBYTERIAN SECONDARY SCHOOL,10 BISHAN STREET 13   ,579795,SECONDARY (S1-S5),GOVERNMENT-AIDED SCH,SOUTH,30411.0903508216,36920.6091322787,103.854983746416,1.35017129930314,1987
LAKESIDE PRIMARY SCHOOL,161 Corporation Walk   ,618310,PRIMARY,GOVERNMENT SCHOOL,WEST,15176.2291954523,35597.6143301465,103.718089546664,1.33820397704287,2004
LIANHUA PRIMARY SCHOOL,2 BUKIT BATOK STREET 52   ,659243,PRIMARY,GOVERNMENT SCHOOL,WEST,19191.1979939695,37370.8497486636,103.754165828711,1.35424191127295,1990
LOYANG VIEW SECONDARY SCHOOL,12 PASIR RIS STREET 11   ,519073,SECONDARY (S1-S5),GOVERNMENT SCHOOL,EAST,41758.1067258865,38735.8040275108,103.956944585725,1.36658417167238,1992
MAHA BODHI SCHOOL,10 UBI AVENUE 1   ,408931,PRIMARY,GOVERNMENT-AIDED SCH,EAST,35566.4064952666,34533.273462953,103.901306904157,1.32858023873554,2009
MANJUSRI SECONDARY SCHOOL,20 UBI AVENUE 1   ,408940,SECONDARY (S1-S5),GOVERNMENT-AIDED SCH,EAST,35612.3792342106,34410.6462380104,103.901719963831,1.32747123084846,2010
MARIS STELLA HIGH SCHOOL,25 MOUNT VERNON ROAD   ,368051,MIXED LEVEL (P1-S4),GOVERNMENT-AIDED SCH,NORTH,32943.7038064171,35949.852451615,103.877740713449,1.34139181236127,1967
MARSILING PRIMARY SCHOOL,31 WOODLANDS CENTRE ROAD   ,738927,PRIMARY,GOVERNMENT SCHOOL,NORTH,21359.011448958,46172.2397052329,103.773643013846,1.43383904037059,1988
MARSILING SECONDARY SCHOOL,12 MARSILING ROAD   ,739110,SECONDARY (S1-S5),GOVERNMENT SCHOOL,NORTH,21622.2165990025,46482.4188591223,103.776008090454,1.43664424769955,2002
MARYMOUNT CONVENT SCHOOL,20 Marymount Road   ,297754,PRIMARY,GOVERNMENT-AIDED SCH,SOUTH,28722.6185440896,35844.3858416472,103.839811736775,1.34043840661368,2001
MAYFLOWER PRIMARY SCHOOL,200 Ang Mo Kio Avenue 5   ,569878,PRIMARY,GOVERNMENT SCHOOL,SOUTH,29105.5559377754,39818.2753564138,103.843252803742,1.37637683547682,2000
MAYFLOWER SECONDARY SCHOOL,2 ANG MO KIO STREET 21   ,569384,SECONDARY (S1-S5),GOVERNMENT SCHOOL,SOUTH,28227.2664945051,38922.1548925955,103.835360726863,1.36827266209722,2005
MERIDIAN PRIMARY SCHOOL,20 PASIR RIS ST 71   ,518798,PRIMARY,GOVERNMENT SCHOOL,EAST,39310.6903498704,39722.3064462524,103.934953276155,1.37550677054835,2002
MERIDIAN SECONDARY SCHOOL,31 PASIR RIS STREET 51   ,518901,SECONDARY (S1-S5),GOVERNMENT SCHOOL,EAST,40870.9016361358,38809.035507232,103.948972483629,1.3672468492013,2017
METHODIST GIRLS' SCHOOL (PRIMARY),11 Blackmore Drive   ,599986,PRIMARY,GOVERNMENT-AIDED SCH,WEST,22442.5909795491,34984.5810560323,103.783382114018,1.33266213599636,2007
METHODIST GIRLS' SCHOOL (SECONDARY),11 BLACKMORE DRIVE   ,599986,SECONDARY (S1-S4),INDEPENDENT SCHOOL,WEST,22442.5909795491,34984.5810560323,103.783382114018,1.33266213599636,1992
MILLENNIA INSTITUTE,60 Bukit Batok West Avenue 8   ,658965,CENTRALISED INSTITUTE,GOVERNMENT SCHOOL,WEST,17792.0317525892,36937.1663549989,103.741593577684,1.35031939200985,2009
MONTFORT JUNIOR SCHOOL,52 HOUGANG AVENUE 8   ,538786,PRIMARY,GOVERNMENT-AIDED SCH,NORTH,34279.1743147392,39514.0026060622,103.889741457901,1.37362445234082,1992
MONTFORT SECONDARY SCHOOL,50 HOUGANG AVENUE 8   ,538785,SECONDARY (S1-S5),GOVERNMENT-AIDED SCH,NORTH,34188.6869969647,39551.2492366415,103.888928372577,1.37396131656912,2012
NAN CHIAU HIGH SCHOOL,20 ANCHORVALE LINK   ,545079,SECONDARY (S1-S5),GOVERNMENT-AIDED SCH,NORTH,34308.3992032008,41191.5774543677,103.890004423764,1.38879582498399,2001
NAN CHIAU PRIMARY SCHOOL,50 ANCHORVALE LINK   ,545080,PRIMARY,GOVERNMENT-AIDED SCH,NORTH,34439.3196740765,41569.2687405795,103.891180928186,1.39221149906592,2001
NAN HUA HIGH SCHOOL,41 CLEMENTI AVENUE 1   ,129956,SECONDARY (S1-S5),GOVERNMENT SCHOOL,WEST,20793.1335141817,32268.1425985936,103.768561446725,1.30809529518605,2004
NAN HUA PRIMARY SCHOOL,30 Jalan Lempeng   ,128806,PRIMARY,GOVERNMENT-AIDED SCH,WEST,19962.2298404071,33496.2443055101,103.761095065761,1.31920159956387,1998
NANYANG GIRLS' HIGH SCHOOL,2 LINDEN DRIVE   ,288683,SECONDARY (S1-S4),INDEPENDENT SCHOOL,WEST,24561.4160661073,34754.6755309552,103.802420979943,1.33058326666479,2000
NANYANG JUNIOR COLLEGE,128 SERANGOON AVENUE 3   ,556111,JUNIOR COLLEGE,GOVERNMENT-AIDED SCH,SOUTH,31692.5780312549,36932.9914012011,103.866498721912,1.35028314949236,1978
NANYANG PRIMARY SCHOOL,52 KING'S ROAD   ,268097,PRIMARY,GOVERNMENT-AIDED SCH,WEST,25146.8860732606,33702.8446938451,103.807681852799,1.32107094241153,2007
NATIONAL JUNIOR COLLEGE,37 HILLCREST ROAD   ,288913,MIXED LEVEL (S1-JC2),GOVERNMENT SCHOOL,SOUTH,24749.4869699022,34722.5671630222,103.804110905425,1.33029291072172,1995
NAVAL BASE PRIMARY SCHOOL,7 YISHUN AVE 4   ,769028,PRIMARY,GOVERNMENT SCHOOL,NORTH,28643.4553870633,44188.7616005596,103.839100590207,1.41590195697649,1991
NAVAL BASE SECONDARY SCHOOL,901 YISHUN RING ROAD   ,768689,SECONDARY (S1-S5),GOVERNMENT SCHOOL,NORTH,27747.583393123,44573.2144819219,103.831050390247,1.41937881620441,1990
NEW TOWN PRIMARY SCHOOL,300 Tanglin Halt Road   ,148812,PRIMARY,GOVERNMENT SCHOOL,SOUTH,24288.0252855225,31352.0824043378,103.799964819895,1.29981138884057,2009
NEW TOWN SECONDARY SCHOOL,1020 DOVER ROAD   ,139657,SECONDARY (S1-S5),GOVERNMENT SCHOOL,WEST,21308.1010938296,32453.9625329748,103.77318863421,1.30977590011357,1998
NGEE ANN PRIMARY SCHOOL,344 MARINE TERRACE   ,449149,PRIMARY,GOVERNMENT-AIDED SCH,EAST,37376.4109761156,31984.7973440588,103.917570005713,1.30553224180437,1982
NGEE ANN SECONDARY SCHOOL,1 TAMPINES STREET 32   ,529283,SECONDARY (S1-S5),GOVERNMENT-AIDED SCH,EAST,41736.2154369308,37396.8577860836,103.956747262496,1.35447525755806,1994
NORTH SPRING PRIMARY SCHOOL,1 RIVERVALE STREET   ,545088,PRIMARY,GOVERNMENT SCHOOL,NORTH,35777.2005732814,40999.8398870248,103.903202683028,1.38706146494859,2000
NORTH VIEW PRIMARY SCHOOL,210 YISHUN AVENUE 6   ,768960,PRIMARY,GOVERNMENT SCHOOL,NORTH,29675.9396856809,45465.8669915069,103.848378442893,1.42745159462566,1997
NORTH VISTA PRIMARY SCHOOL,20 Compassvale Link   ,544974,PRIMARY,GOVERNMENT SCHOOL,NORTH,35005.0914893029,40501.0361976493,103.89626457548,1.38255066171151,2010
NORTH VISTA SECONDARY SCHOOL,11 RIVERVALE LINK   ,545081,SECONDARY (S1-S5),GOVERNMENT SCHOOL,NORTH,35330.5266452944,40344.0974890441,103.899188813886,1.381131285358,2000
NORTHBROOKS SECONDARY SCHOOL,585 YISHUN RING ROAD   ,768692,SECONDARY (S1-S5),GOVERNMENT SCHOOL,NORTH,29316.3687516721,44731.7859666422,103.845147332528,1.42081285020652,2000
NORTHLAND PRIMARY SCHOOL,15 YISHUN AVENUE 4   ,769026,PRIMARY,GOVERNMENT SCHOOL,NORTH,28831.785990159,44786.0974140298,103.840792923345,1.42130404159807,1990
NORTHLAND SECONDARY SCHOOL,3 YISHUN STREET 22   ,768578,SECONDARY (S1-S5),GOVERNMENT SCHOOL,NORTH,28755.1906477995,46389.1900489908,103.840104687784,1.43580183362637,1994
NORTHLIGHT SCHOOL,151 Towner Road   ,327830,SECONDARY (S1-S4),SPECIALISED SCHOOL,SOUTH,30497.4603147702,33484.9283776525,103.85575955353,1.3191002158167,2016
NORTHOAKS PRIMARY SCHOOL,61 Sembawang Drive   ,757622,PRIMARY,GOVERNMENT SCHOOL,NORTH,25858.5709089329,48769.5280026253,103.814075611175,1.45732867302094,2016
NORTHSHORE PRIMARY SCHOOL,30 Northshore Drive   ,828671,PRIMARY,GOVERNMENT SCHOOL,EAST,35993.4941017935,44467.6734127142,103.905147201163,1.41842322079348,2021
NUS HIGH SCHOOL OF MATHEMATICS AND SCIENCE,20 Clementi Avenue 1   ,129957,MIXED LEVEL (S1-JC2),SPECIALISED INDEPENDENT SCHOOL,WEST,20970.231456643,32037.2007885557,103.770152807737,1.30600678096247,2005
OASIS PRIMARY SCHOOL,71 Edgefield Plains   ,828716,PRIMARY,GOVERNMENT SCHOOL,EAST,36667.1550856009,42991.3663999084,103.911200193835,1.40507184758584,2018
OPERA ESTATE PRIMARY SCHOOL,48 FIDELIO STREET   ,458436,PRIMARY,GOVERNMENT SCHOOL,EAST,38064.4274895079,33581.1396132912,103.923752668632,1.31996876377748,2003
ORCHID PARK SECONDARY SCHOOL,10 YISHUN STREET 81   ,768454,SECONDARY (S1-S5),GOVERNMENT SCHOOL,NORTH,28505.3110986585,44124.4476742018,103.837859241343,1.41532032779634,2001
OUTRAM SECONDARY SCHOOL,3 YORK HILL   ,168622,SECONDARY (S1-S5),GOVERNMENT SCHOOL,SOUTH,28423.8747252515,29881.6544933487,103.837127264403,1.28651357464735,1999
PALM VIEW PRIMARY SCHOOL,150 Compassvale Bow   ,544822,PRIMARY,GOVERNMENT SCHOOL,NORTH,34458.6783197625,40635.7654705234,103.891354675017,1.38376923022123,2015
PARK VIEW PRIMARY SCHOOL,60 PASIR RIS DRIVE 1   ,519524,PRIMARY,GOVERNMENT SCHOOL,EAST,39783.5293153096,39999.8822296057,103.9392021807,1.37801687647812,1997
PASIR RIS CREST SECONDARY SCHOOL,11 PASIR RIS STREET 41   ,518934,SECONDARY (S1-S5),GOVERNMENT SCHOOL,EAST,42067.8542885976,39427.6259528883,103.959728202919,1.37284060102246,2008
PASIR RIS PRIMARY SCHOOL,5 PASIR RIS STREET 21   ,518968,PRIMARY,GOVERNMENT SCHOOL,EAST,42423.3658017013,39384.6009523422,103.962922699031,1.37245132722087,1993
PASIR RIS SECONDARY SCHOOL,390 TAMPINES STREET 21   ,529400,SECONDARY (S1-S5),GOVERNMENT SCHOOL,EAST,40869.8736143373,37369.4000635836,103.948962626204,1.35422732653396,1987
PAYA LEBAR METHODIST GIRLS' SCHOOL (PRIMARY),298 LORONG AH SOO   ,536741,PRIMARY,GOVERNMENT-AIDED SCH,EAST,33734.5224694395,36929.8656870592,103.884846876112,1.3502545600894,1987
PAYA LEBAR METHODIST GIRLS' SCHOOL (SECONDARY),296 LOR AH SOO   ,536742,SECONDARY (S1-S5),GOVERNMENT-AIDED SCH,EAST,33764.9220583495,37008.7061571106,103.885120050588,1.35096755912522,2007
PEI CHUN PUBLIC SCHOOL,16 LORONG 7 TOA PAYOH   ,319320,PRIMARY,GOVERNMENT-AIDED SCH,SOUTH,30450.8965329072,35439.718033338,103.855341310212,1.33677864390672,2001
PEI HWA PRESBYTERIAN PRIMARY SCHOOL,7 PEI WAH AVENUE   ,597610,PRIMARY,GOVERNMENT-AIDED SCH,WEST,21648.9750402756,35582.9065720346,103.776250903095,1.33807302121151,2004
PEI HWA SECONDARY SCHOOL,21 FERNVALE LINK   ,797702,SECONDARY (S1-S5),GOVERNMENT SCHOOL,NORTH,33023.8451944096,41366.172537256,103.878461745339,1.39037504993234,2007
PEI TONG PRIMARY SCHOOL,15 CLEMENTI AVENUE 5   ,129857,PRIMARY,GOVERNMENT SCHOOL,WEST,20668.2404885115,33215.772784153,103.767438999533,1.31666529308968,1982
PEICAI SECONDARY SCHOOL,10 SERANGOON AVENUE 4   ,556094,SECONDARY (S1-S5),GOVERNMENT SCHOOL,SOUTH,32083.411887873,37953.9001634661,103.870010749055,1.35951583222214,1984
PEIRCE SECONDARY SCHOOL,10 SIN MING WALK   ,575566,SECONDARY (S1-S5),GOVERNMENT SCHOOL,SOUTH,27654.7276661592,38743.7738600355,103.83021606804,1.36665944653812,1995
PEIYING PRIMARY SCHOOL,651 YISHUN RING ROAD   ,768687,PRIMARY,GOVERNMENT SCHOOL,NORTH,27646.6270154091,44356.206750067,103.830143209875,1.41741627551251,1987
PIONEER PRIMARY SCHOOL,80 TENGAH GARDEN AVENUE   ,699915,PRIMARY,GOVERNMENT SCHOOL,WEST,16812.4121220056,37391.2857226934,103.732790920197,1.35442592930738,2008
POI CHING SCHOOL,21 TAMPINES STREET 71   ,529067,PRIMARY,GOVERNMENT-AIDED SCH,EAST,39343.4048039075,37747.9287135638,103.935246486174,1.35765121877679,2000
PRESBYTERIAN HIGH SCHOOL,5209 ANG MO KIO AVENUE 6   ,569845,SECONDARY (S1-S5),GOVERNMENT-AIDED SCH,SOUTH,29008.7518431395,40412.8958896007,103.842382968794,1.38175437421949,2004
PRINCESS ELIZABETH PRIMARY SCHOOL,30 BUKIT BATOK WEST AVENUE 3   ,659163,PRIMARY,GOVERNMENT SCHOOL,WEST,17694.7193374345,36812.396792436,103.740719208011,1.34919098857585,1986
PUNGGOL COVE PRIMARY SCHOOL,52 Sumang Walk   ,828674,PRIMARY,GOVERNMENT SCHOOL,EAST,35298.7904222226,43711.4672181848,103.89890448429,1.41158455562454,2016
PUNGGOL GREEN PRIMARY SCHOOL,98 Punggol Walk   ,828772,PRIMARY,GOVERNMENT SCHOOL,EAST,35286.5548319491,42621.3463525623,103.898794262307,1.40172590450528,2013
PUNGGOL PRIMARY SCHOOL,61 HOUGANG AVENUE 8   ,538787,PRIMARY,GOVERNMENT SCHOOL,SOUTH,34827.3316768408,40020.0263597388,103.894667159512,1.37820062547641,1995
PUNGGOL SECONDARY SCHOOL,51 EDGEFIELD PLAINS   ,828870,SECONDARY (S1-S5),GOVERNMENT SCHOOL,EAST,36446.0969829671,42658.0347204488,103.909213706482,1.40205738421399,2003
PUNGGOL VIEW PRIMARY SCHOOL,9 Punggol Place   ,828845,PRIMARY,GOVERNMENT SCHOOL,EAST,36010.4358489802,42989.2062344458,103.905299026568,1.40505250226058,2013
QIFA PRIMARY SCHOOL,50 WEST COAST AVENUE   ,128104,PRIMARY,GOVERNMENT SCHOOL,WEST,19465.1912890384,32839.9119845238,103.756629101811,1.3132658326807,1987
QIHUA PRIMARY SCHOOL,5 WOODLANDS STREET 81   ,738525,PRIMARY,GOVERNMENT SCHOOL,NORTH,22994.5556907868,47078.5773993656,103.788339762066,1.44203596557592,1988
QUEENSTOWN PRIMARY SCHOOL,310 MARGARET DR   ,149303,PRIMARY,GOVERNMENT SCHOOL,SOUTH,25143.1426198389,30878.5540552996,103.807648475656,1.29552905587752,2002
QUEENSTOWN SECONDARY SCHOOL,1 STRATHMORE ROAD   ,148800,SECONDARY (S1-S5),GOVERNMENT SCHOOL,SOUTH,25759.9730125098,30656.5376077667,103.813190980055,1.29352126774652,1997
QUEENSWAY SECONDARY SCHOOL,2A MARGARET DRIVE   ,149295,SECONDARY (S1-S5),GOVERNMENT SCHOOL,SOUTH,24537.5928928228,31397.561654076,103.802207291625,1.30022271592188,1961
RADIN MAS PRIMARY SCHOOL,1 BUKIT PURMEI AVENUE   ,99840,PRIMARY,GOVERNMENT SCHOOL,SOUTH,26975.8011428332,28597.1569343451,103.824115781658,1.27489701529771,1984
RAFFLES GIRLS' PRIMARY SCHOOL,21 Hillcrest Road   ,289072,PRIMARY,GOVERNMENT SCHOOL,SOUTH,25003.9977021599,34694.7955917995,103.806397828938,1.33004178068277,1999
RAFFLES GIRLS' SCHOOL (SECONDARY),2 BRADDELL RISE   ,318871,SECONDARY (S1-S4),INDEPENDENT SCHOOL,SOUTH,29092.3551620366,36036.388495991,103.84313404727,1.34217479932295,2019
RAFFLES INSTITUTION,1 RAFFLES INSTITUTION LANE   ,575954,MIXED LEVEL (S1-JC2),INDEPENDENT SCHOOL,SOUTH,29397.4034992037,36480.122403916,103.845875110532,1.34618775847486,1990
RED SWASTIKA SCHOOL,350 BEDOK NORTH AVENUE 3   ,469719,PRIMARY,GOVERNMENT-AIDED SCH,EAST,39240.1303829281,35138.9475005791,103.934317528484,1.33405659580859,1981
REGENT SECONDARY SCHOOL,50 CHOA CHU KANG NORTH 5   ,689621,SECONDARY (S1-S5),GOVERNMENT SCHOOL,WEST,18842.8552409327,41687.3977799285,103.751034411529,1.39327908335682,2001
RIVER VALLEY HIGH SCHOOL,6 BOON LAY AVENUE   ,649961,MIXED LEVEL (S1-JC2),GOVERNMENT SCHOOL,WEST,14074.6256253822,36304.4497505389,103.708190688947,1.34459584223718,2010
RIVER VALLEY PRIMARY SCHOOL,2 RIVER VALLEY GREEN   ,237993,PRIMARY,GOVERNMENT SCHOOL,SOUTH,28300.5267893467,30729.7527125087,103.836018941571,1.29418347842837,2005
RIVERSIDE PRIMARY SCHOOL,110 Woodlands Crescent   ,737803,PRIMARY,GOVERNMENT SCHOOL,NORTH,24502.3868994378,47627.9217809848,103.801889031334,1.44700426493785,2016
RIVERSIDE SECONDARY SCHOOL,3 WOODLANDS STREET 81   ,738524,SECONDARY (S1-S5),GOVERNMENT SCHOOL,NORTH,22991.0453311065,46975.256819712,103.78830823641,1.44110157139127,1990
UNITY PRIMARY SCHOOL,21 CHOA CHU KANG CRESCENT   ,688268,PRIMARY,GOVERNMENT SCHOOL,WEST,18371.796668564,42738.3144028578,103.746801233973,1.40278303219036,2001
RIVERVALE PRIMARY SCHOOL,80 RIVERVALE DRIVE   ,545092,PRIMARY,GOVERNMENT SCHOOL,NORTH,35926.5905072847,41693.547538057,103.904545253288,1.39333506298213,2001
ROSYTH SCHOOL,21 Serangoon North Avenue 4   ,555855,PRIMARY,GOVERNMENT SCHOOL,NORTH,32613.2254595151,39429.2584868576,103.87477170399,1.3728583654058,2001
RULANG PRIMARY SCHOOL,6 JURONG WEST STREET 52   ,649295,PRIMARY,GOVERNMENT SCHOOL,WEST,15217.2735802168,36541.3390983045,103.718457955487,1.34673868889096,1986
"SCHOOL OF SCIENCE AND TECHNOLOGY, SINGAPORE",1 Technology Drive   ,138572,SECONDARY (S1-S4),SPECIALISED INDEPENDENT SCHOOL,WEST,21399.6898937989,32802.5152550135,103.774011529322,1.31292810600277,2012
"SCHOOL OF THE ARTS, SINGAPORE",1 Zubir Said Drive 05 01 ,227968,MIXED LEVEL (S1-JC2),SPECIALISED INDEPENDENT SCHOOL,SOUTH,29749.130692615967,31271.831427850644,103.8490353,1.2990858,2010
SEMBAWANG PRIMARY SCHOOL,10 SEMBAWANG DRIVE   ,757715,PRIMARY,GOVERNMENT SCHOOL,NORTH,26646.1261990219,47488.6922037564,103.821152676215,1.4457453096024,2002
SEMBAWANG SECONDARY SCHOOL,30 SEMBAWANG CRESCENT   ,757704,SECONDARY (S1-S5),GOVERNMENT SCHOOL,NORTH,26166.5553010562,47441.1161091775,103.816843258118,1.44531502131387,2001
SENG KANG PRIMARY SCHOOL,21 COMPASSVALE WALK   ,545166,PRIMARY,GOVERNMENT SCHOOL,NORTH,35368.2352863764,41241.8749130946,103.899527879229,1.38925044778224,1997
SENG KANG SECONDARY SCHOOL,10 COMPASSVALE LANE   ,545090,SECONDARY (S1-S5),GOVERNMENT SCHOOL,NORTH,35238.8340261402,40948.4476958644,103.898365036709,1.38659683143747,2001
SENGKANG GREEN PRIMARY SCHOOL,15 Fernvale Road   ,797636,PRIMARY,GOVERNMENT SCHOOL,NORTH,32636.9100054335,41605.5649867393,103.874984869551,1.3925400930811,2013
SERANGOON GARDEN SECONDARY SCHOOL,21 SERANGOON NORTH AVENUE 1   ,555889,SECONDARY (S1-S5),GOVERNMENT SCHOOL,SOUTH,32000.9924708903,39038.6248832196,103.869270301476,1.36932570490947,2004
SERANGOON SECONDARY SCHOOL,11 UPPER SERANGOON VIEW   ,534237,SECONDARY (S1-S5),GOVERNMENT SCHOOL,SOUTH,35658.8371386668,39628.0344803315,103.902138740699,1.37465538827443,2001
SHUQUN PRIMARY SCHOOL,8 JURONG WEST STREET 51   ,649332,PRIMARY,GOVERNMENT SCHOOL,WEST,15562.4299923396,36555.8065891601,103.721559387203,1.34686967259067,1986
SI LING PRIMARY SCHOOL,61 WOODLANDS AVENUE 1   ,739067,PRIMARY,GOVERNMENT SCHOOL,NORTH,22738.0565941427,46014.1202728488,103.786035065192,1.43240935732525,2001
SINGAPORE CHINESE GIRLS' PRIMARY SCHOOL,190 DUNEARN ROAD   ,309437,PRIMARY,GOVERNMENT-AIDED SCH,SOUTH,27426.4538880838,33654.5249451734,103.828164966953,1.3206340835184,1994
SINGAPORE CHINESE GIRLS' SCHOOL,190 DUNEARN ROAD   ,309437,SECONDARY (S1-S4),INDEPENDENT SCHOOL,SOUTH,27426.4538880838,33654.5249451734,103.828164966953,1.3206340835184,1994
SINGAPORE SPORTS SCHOOL,1 Champions Way   ,737913,"MIXED LEVEL (S1-S5, JC1-JC2)",SPECIALISED INDEPENDENT SCHOOL,NORTH,23117.4954931987,45350.8892124798,103.789444793951,1.42641140556342,2004
SOUTH VIEW PRIMARY SCHOOL,6 Choa Chu Kang Central   ,689762,PRIMARY,GOVERNMENT SCHOOL,WEST,18410.9318699865,40377.3373044748,103.747153671,1.38143123987698,2003
SPECTRA SECONDARY SCHOOL,1 WOODLANDS DRIVE 64   ,737758,SECONDARY (S1-S4),SPECIALISED SCHOOL,NORTH,24748.4707526173,46525.8443958983,103.804100467487,1.43703750789961,2016
SPRINGDALE PRIMARY SCHOOL,71 Anchorvale Link   ,544799,PRIMARY,GOVERNMENT SCHOOL,NORTH,34242.9442041246,41909.1654851716,103.889416413501,1.39528544463377,2013
SPRINGFIELD SECONDARY SCHOOL,30 TAMPINES AVENUE 8   ,529593,SECONDARY (S1-S5),GOVERNMENT SCHOOL,EAST,38799.0137778232,36854.6606742647,103.930354460693,1.34957303471476,1995
ST ANDREW'S SCHOOL (JUNIOR),2 FRANCIS THOMAS DRIVE   ,359337,PRIMARY,GOVERNMENT-AIDED SCH,SOUTH,31538.8499082169,34845.2692709584,103.865117134385,1.33140255308868,1997
ST ANDREW'S SCHOOL (SECONDARY),15 FRANCIS THOMAS DRIVE   ,359342,SECONDARY (S1-S5),GOVERNMENT-AIDED SCH,SOUTH,31664.831310045,34766.8795819897,103.866249138562,1.33069360968075,2006
ST. ANDREW'S JUNIOR COLLEGE,5 Sorby Adams Drive   ,357691,JUNIOR COLLEGE,GOVERNMENT-AIDED SCH,SOUTH,31367.377300797,35029.1094067935,103.863576377056,1.33306515740956,2006
ST. ANTHONY'S CANOSSIAN PRIMARY SCHOOL,1602 BEDOK NORTH AVE 4   ,469701,PRIMARY,GOVERNMENT-AIDED SCH,EAST,40009.9558383394,35212.930261923,103.941234868202,1.3347253730189,1996
ST. ANTHONY'S CANOSSIAN SECONDARY SCHOOL,1600 BEDOK NORTH AVENUE 4   ,469700,SECONDARY (S1-S5),GOVERNMENT-AIDED SCH,EAST,40092.566337103,35206.0519231595,103.941977166932,1.33466313498855,1996
ST. ANTHONY'S PRIMARY SCHOOL,30 Bukit Batok St 32   ,659401,PRIMARY,GOVERNMENT-AIDED SCH,WEST,18644.3733009221,38463.0810494516,103.749251919049,1.36411948475833,1996
ST. GABRIEL'S PRIMARY SCHOOL,220 Lorong Chuan   ,556742,PRIMARY,GOVERNMENT-AIDED SCH,SOUTH,31226.4103413029,36825.1216646656,103.862309899986,1.34930766795555,1989
ST. GABRIEL'S SECONDARY SCHOOL,24 SERANGOON AVENUE 1   ,556140,SECONDARY (S1-S5),GOVERNMENT-AIDED SCH,SOUTH,32760.4506575912,36513.3583147768,103.876094163287,1.34648798732177,1993
ST. HILDA'S PRIMARY SCHOOL,2 Tampines Ave 3   ,529706,PRIMARY,GOVERNMENT-AIDED SCH,EAST,39540.4096965808,36866.4956980404,103.937016363397,1.34967978969837,1990
ST. HILDA'S SECONDARY SCHOOL,2 TAMPINES STREET 82   ,528986,SECONDARY (S1-S5),GOVERNMENT-AIDED SCH,EAST,39606.2556369342,36873.0704489276,103.937608032148,1.34973922385379,1990
ST. JOSEPH'S INSTITUTION,38 MALCOLM ROAD   ,308274,MIXED LEVEL (S1-JC2),INDEPENDENT SCHOOL,SOUTH,27463.6263318341,33988.3560766336,103.828498974985,1.32365313490152,1988
ST. JOSEPH'S INSTITUTION JUNIOR,3 ESSEX ROAD   ,309331,PRIMARY,GOVERNMENT-AIDED SCH,SOUTH,29370.5121512143,33342.7815418858,103.845633334522,1.31781476118551,1992
ST. MARGARET'S SCHOOL (PRIMARY),136 Sophia Road   ,228197,PRIMARY,GOVERNMENT-AIDED SCH,SOUTH,29391.3233877067,31831.1472821515,103.845820266438,1.30414407358332,1987
ST. MARGARET'S SCHOOL (SECONDARY),111 FARRER ROAD   ,259240,SECONDARY (S1-S5),GOVERNMENT-AIDED SCH,SOUTH,25360.6020710841,33559.5041493345,103.809602215402,1.31977464050584,2002
UNITY SECONDARY SCHOOL,20 CHOA CHU KANG STREET 62   ,689143,SECONDARY (S1-S5),GOVERNMENT SCHOOL,WEST,18284.9462911766,42432.2689475045,103.74602091483,1.40001524119441,2001
ST. PATRICK'S SCHOOL,490 EAST COAST ROAD   ,429058,SECONDARY (S1-S5),GOVERNMENT-AIDED SCH,EAST,37383.9909570096,32244.7789235692,103.917638193713,1.30788341871801,1933
ST. STEPHEN'S SCHOOL,20 SIGLAP VIEW   ,455789,PRIMARY,GOVERNMENT-AIDED SCH,EAST,37341.652827817,33450.7695051655,103.917258129598,1.31878997295135,2003
SWISS COTTAGE SECONDARY SCHOOL,3 BUKIT BATOK STREET 34   ,659322,SECONDARY (S1-S5),GOVERNMENT SCHOOL,WEST,18771.7135838792,38529.1941047609,103.750396136688,1.36471742697475,1998
TAMPINES MERIDIAN JUNIOR COLLEGE,21 Pasir Ris Street 71   ,518799,JUNIOR COLLEGE,GOVERNMENT SCHOOL,EAST,39537.4294200996,39813.7284696326,103.936990723441,1.37633346909682,2018
TAMPINES NORTH PRIMARY SCHOOL,30 TAMPINES AVENUE 9   ,529565,PRIMARY,GOVERNMENT SCHOOL,EAST,40848.2810703805,38061.6583322138,103.948768900518,1.36048786025607,1995
TAMPINES PRIMARY SCHOOL,250 TAMPINES STREET 12   ,529426,PRIMARY,GOVERNMENT SCHOOL,EAST,40270.0982013792,36955.7182075791,103.943573098509,1.3504863946694,1988
TAMPINES SECONDARY SCHOOL,252 TAMPINES ST 12   ,529427,SECONDARY (S1-S5),GOVERNMENT SCHOOL,EAST,40346.96177861,36820.2178275529,103.944263709507,1.34926094811197,2010
TANJONG KATONG GIRLS' SCHOOL,20 Dunman Lane   ,439272,SECONDARY (S1-S4),GOVERNMENT SCHOOL,EAST,34987.7913389215,32209.2362594008,103.896107204542,1.3075626184394,1997
TANJONG KATONG PRIMARY SCHOOL,10 Seraya Road   ,437259,PRIMARY,GOVERNMENT SCHOOL,EAST,35421.0272507127,31924.2153390218,103.899999965407,1.30498489044822,2001
TANJONG KATONG SECONDARY SCHOOL,130 HAIG ROAD   ,438796,SECONDARY (S1-S4),GOVERNMENT SCHOOL,EAST,35112.2101863576,32338.8930419572,103.897225196199,1.30873515955341,2000
TAO NAN SCHOOL,49 MARINE CRESCENT   ,449761,PRIMARY,GOVERNMENT-AIDED SCH,EAST,36706.7907984024,31957.4686842412,103.911553152326,1.30528528687321,1983
TECK GHEE PRIMARY SCHOOL,1 ANG MO KIO STREET 32   ,569299,PRIMARY,GOVERNMENT SCHOOL,SOUTH,29968.822170008,38632.1819182038,103.851009800453,1.36565018546903,2002
TECK WHYE PRIMARY SCHOOL,11 TECK WHYE WALK   ,688261,PRIMARY,GOVERNMENT SCHOOL,WEST,19164.4558974076,40648.8130902648,103.753924558586,1.38388660469396,2002
TELOK KURAU PRIMARY SCHOOL,50 BEDOK RESERVOIR RD   ,479239,PRIMARY,GOVERNMENT SCHOOL,EAST,36645.7359166555,34811.4976773225,103.911005345855,1.33109611001931,2002
TEMASEK JUNIOR COLLEGE,2 Tampines Avenue 9   Temasek Junior College,529564,MIXED LEVEL (S1-JC2),GOVERNMENT SCHOOL,EAST,41673.7303626854,37707.0085183382,103.956185936394,1.35728017255861,1977
TEMASEK PRIMARY SCHOOL,501 BEDOK SOUTH AVE 3   ,469300,PRIMARY,GOVERNMENT SCHOOL,EAST,40513.5817926126,33275.4610059001,103.94575943784,1.31720341663064,2002
TEMASEK SECONDARY SCHOOL,600 UPPER EAST COAST ROAD   ,465561,SECONDARY (S1-S5),GOVERNMENT SCHOOL,EAST,40714.4313851139,33133.1948234718,103.947564112022,1.31591673150616,2000
TOWNSVILLE PRIMARY SCHOOL,3 ANG MO KIO AVE 10   ,569730,PRIMARY,GOVERNMENT SCHOOL,SOUTH,30275.8929835791,38001.4992617127,103.853768994775,1.35994649477568,2002
VICTORIA JUNIOR COLLEGE,20 MARINE VISTA   ,449035,JUNIOR COLLEGE,GOVERNMENT SCHOOL,EAST,37644.9179267231,32114.1239029113,103.919982704149,1.30670174177479,1985
VICTORIA SCHOOL,2 SIGLAP LINK   ,448880,SECONDARY (S1-S4),GOVERNMENT SCHOOL,EAST,38535.0431807386,32336.5539019071,103.927980966639,1.3087130270751,2003
WATERWAY PRIMARY SCHOOL,70 Punggol Drive   ,828802,PRIMARY,GOVERNMENT SCHOOL,EAST,37489.1110288324,42308.1257505957,103.918585924582,1.39889261226315,2018
WELLINGTON PRIMARY SCHOOL,10 WELLINGTON CIRCLE   ,757702,PRIMARY,GOVERNMENT SCHOOL,NORTH,26797.86901474,48145.4921045545,103.822516208087,1.45168517614776,2001
WEST GROVE PRIMARY SCHOOL,1 JURONG WEST ST 72   ,649223,PRIMARY,GOVERNMENT SCHOOL,WEST,13047.8179963073,36317.3614973016,103.698964212988,1.34471211768915,2003
WEST SPRING PRIMARY SCHOOL,60 Bukit Panjang Ring Road   ,679946,PRIMARY,GOVERNMENT SCHOOL,WEST,20552.577593673,41234.0562994163,103.76639772288,1.38917971808454,2016
WEST SPRING SECONDARY SCHOOL,61 SENJA  ROAD   ,677737,SECONDARY (S1-S5),GOVERNMENT SCHOOL,WEST,19854.9273258867,41084.0393943992,103.760128840155,1.38782283303782,2005
WEST VIEW PRIMARY SCHOOL,31 SENJA ROAD   ,677742,PRIMARY,GOVERNMENT SCHOOL,WEST,19871.0048010657,40637.6069141179,103.760273432258,1.38378546546228,1999
WESTWOOD PRIMARY SCHOOL,1 Jurong West Street 73   ,649188,PRIMARY,GOVERNMENT SCHOOL,WEST,13215.1381995771,36648.9504975975,103.700467520791,1.3477109654722,2015
WESTWOOD SECONDARY SCHOOL,11 JURONG WEST STREET 25   ,648350,SECONDARY (S1-S5),GOVERNMENT SCHOOL,WEST,13360.360080882,37315.2708597258,103.701772102139,1.35373698510994,2002
WHITE SANDS PRIMARY SCHOOL,2 PASIR RIS ST 11   ,519075,PRIMARY,GOVERNMENT SCHOOL,EAST,42194.0540739279,38630.9946565423,103.960861814678,1.36563610941695,2000
WHITLEY SECONDARY SCHOOL,30 BISHAN STREET 24   ,579747,SECONDARY (S1-S5),GOVERNMENT SCHOOL,SOUTH,29027.6163034551,37460.2926999275,103.842552378136,1.35505208480649,2007
WOODGROVE PRIMARY SCHOOL,2 WOODLANDS DRIVE 14   ,738079,PRIMARY,GOVERNMENT SCHOOL,NORTH,23204.9254116695,46050.2524968032,103.79023031392,1.43273620725049,1999
WOODGROVE SECONDARY SCHOOL,3 WOODLANDS AVENUE 6   ,738990,SECONDARY (S1-S5),GOVERNMENT SCHOOL,NORTH,23852.2922348054,45561.7290254179,103.79604758539,1.42831828137013,2002
WOODLANDS PRIMARY SCHOOL,10 WOODLANDS DRIVE 50   ,738853,PRIMARY,GOVERNMENT SCHOOL,NORTH,23378.645416881,46475.5760247037,103.791791282236,1.43658270720199,2003
WOODLANDS RING PRIMARY SCHOOL,11 WOODLANDS RING ROAD   ,738240,PRIMARY,GOVERNMENT SCHOOL,NORTH,24004.4034421528,46284.1696799081,103.79741434351,1.43485179380236,2001
WOODLANDS RING SECONDARY SCHOOL,21 WOODLANDS AVENUE 1   ,739062,SECONDARY (S1-S5),GOVERNMENT SCHOOL,NORTH,21802.2213575486,45825.6298548002,103.777625748539,1.43070452883799,1998
WOODLANDS SECONDARY SCHOOL,11 MARSILING ROAD   ,739111,SECONDARY (S1-S5),GOVERNMENT SCHOOL,NORTH,21464.012295193,46756.7632628027,103.774586410437,1.43912528141356,1984
XINGHUA PRIMARY SCHOOL,45 HOUGANG AVENUE 1   ,538882,PRIMARY,GOVERNMENT SCHOOL,SOUTH,34332.065497526,37785.9478133563,103.890216355459,1.35799653782463,1985
XINGNAN PRIMARY SCHOOL,5 JURONG WEST STREET 91   ,649036,PRIMARY,GOVERNMENT SCHOOL,WEST,11781.8064267524,36095.6510288138,103.687588478681,1.34270639669225,1989
XINMIN PRIMARY SCHOOL,9 HOUGANG AVENUE 8   ,538784,PRIMARY,GOVERNMENT SCHOOL,NORTH,33507.7829754585,39308.7065256815,103.88280991785,1.37176798317468,1990
XINMIN SECONDARY SCHOOL,11 HOUGANG AVENUE 8   ,538789,SECONDARY (S1-S5),GOVERNMENT SCHOOL,NORTH,33534.6789847175,39396.1568145063,103.88305161385,1.37255884700002,1990
XISHAN PRIMARY SCHOOL,8 YISHUN STREET 21   ,768611,PRIMARY,GOVERNMENT SCHOOL,NORTH,28493.7422212623,46131.5536631271,103.837755319448,1.43347186925064,1988
YANGZHENG PRIMARY SCHOOL,15 SERANGOON AVENUE 3   ,556108,PRIMARY,GOVERNMENT SCHOOL,SOUTH,31911.6418975126,36788.5459239464,103.868467129954,1.3489768083841,1988
YEW TEE PRIMARY SCHOOL,10 CHOA CHU KANG ST 64   ,689100,PRIMARY,GOVERNMENT SCHOOL,WEST,18930.0708015431,42068.5415837038,103.751817992962,1.39672603497195,2002
YIO CHU KANG PRIMARY SCHOOL,1 HOUGANG STREET 51   ,538720,PRIMARY,GOVERNMENT SCHOOL,NORTH,33823.1315680202,39990.3703038469,103.885643682171,1.37793264345276,1999
YIO CHU KANG SECONDARY SCHOOL,3063 ANG MO KIO AVENUE 5   ,569868,SECONDARY (S1-S5),GOVERNMENT SCHOOL,SOUTH,28981.3761166064,39995.0998579115,103.84213696352,1.37797597740925,1983
YISHUN INNOVA JUNIOR COLLEGE,3 YISHUN RING ROAD   ,768675,JUNIOR COLLEGE,GOVERNMENT SCHOOL,NORTH,27634.2199267391,45113.7171314787,103.83003171149,1.42426692572335,1988
YISHUN PRIMARY SCHOOL,500 YISHUN RING ROAD   ,768679,PRIMARY,GOVERNMENT SCHOOL,NORTH,28081.4848068403,46187.3166116737,103.834050796658,1.43397617334964,2011
YISHUN SECONDARY SCHOOL,4 YISHUN STREET 71   ,768516,SECONDARY (S1-S5),GOVERNMENT SCHOOL,NORTH,27493.1783263972,45541.2352395374,103.828764316679,1.42813324276086,1988
YISHUN TOWN SECONDARY SCHOOL,6 YISHUN STREET 21   ,768610,SECONDARY (S1-S5),GOVERNMENT SCHOOL,NORTH,28531.4577029087,46004.3591205124,103.838094226361,1.43232156717386,1988
YU NENG PRIMARY SCHOOL,56 BEDOK NORTH ST 3   ,469623,PRIMARY,GOVERNMENT SCHOOL,EAST,38983.8870810149,35130.5094223451,103.932015036296,1.33398037894072,2006
YUAN CHING SECONDARY SCHOOL,103 YUAN CHING ROAD   ,618654,SECONDARY (S1-S5),GOVERNMENT SCHOOL,WEST,15488.8783984222,36018.0484284926,103.72089870437,1.34200635764467,1980
YUHUA PRIMARY SCHOOL,158 JURONG EAST STREET 24   ,609558,PRIMARY,GOVERNMENT SCHOOL,WEST,17710.4895017752,36118.9610992391,103.740861148879,1.34291981622016,1983
YUHUA SECONDARY SCHOOL,35 JURONG WEST STREET 41   ,649406,SECONDARY (S1-S5),GOVERNMENT SCHOOL,WEST,15687.9488993762,36590.8085158002,103.722687235839,1.34718626876968,1986
YUMIN PRIMARY SCHOOL,3 TAMPINES STREET 21   ,529393,PRIMARY,GOVERNMENT SCHOOL,EAST,41046.6676057065,37047.4549574535,103.950551091373,1.35131569890862,1985
YUSOF ISHAK SECONDARY SCHOOL,8 SUMANG WALK   ,828676,SECONDARY (S1-S5),GOVERNMENT SCHOOL,EAST,35006.1961496361,43197.5583218038,103.896275149571,1.40693702458178,1966
YUYING SECONDARY SCHOOL,47 HOUGANG AVENUE 1   ,538884,SECONDARY (S1-S5),GOVERNMENT-AIDED SCH,SOUTH,34329.6638843575,37690.788632296,103.890194755287,1.35713595302467,1985
ZHANGDE PRIMARY SCHOOL,51 Jalan Membina   ,169485,PRIMARY,GOVERNMENT SCHOOL,SOUTH,27180.147898172,29627.1081054062,103.825951884637,1.28421153855474,2005
ZHENGHUA PRIMARY SCHOOL,9 Fajar Road   ,679002,PRIMARY,GOVERNMENT SCHOOL,WEST,20920.4023949644,40155.8313870206,103.76970317201,1.37942873617052,1989
ZHENGHUA SECONDARY SCHOOL,62 Bukit Panjang Ring Road   ,679962,SECONDARY (S1-S5),GOVERNMENT SCHOOL,WEST,20453.8539943136,41144.0638934448,103.765510638527,1.38836583415352,1999
ZHONGHUA PRIMARY SCHOOL,12 SERANGOON AVENUE 4   ,556095,PRIMARY,GOVERNMENT SCHOOL,SOUTH,32050.2209249679,38036.2660969216,103.869712517383,1.36026072476019,1987
ZHONGHUA SECONDARY SCHOOL,13 SERANGOON AVENUE 3   ,556123,SECONDARY (S1-S5),GOVERNMENT SCHOOL,SOUTH,32018.8531237943,36725.5640310161,103.869430481414,1.34840720846208,1987
